snapshot_utc,played_groups,played_ko,team,P1,P2,P3,P4,group,P_qualify,P_R32,P_R16,P_QF,P_SF,P_final,P_champion,P_top_scoring_team
2026-06-12T23:30Z,2,0,Mexico,0.7206,0.2245,0.0532,0.0016,A,0.9962,0.9962,0.6792,0.3757,0.164,0.0618,0.0232,0.02
2026-06-12T23:30Z,2,0,South Korea,0.2554,0.5951,0.1282,0.0213,A,0.9582,0.9582,0.4561,0.1581,0.0495,0.0128,0.0029,0.0041
2026-06-12T23:30Z,2,0,Czech Republic,0.0195,0.1056,0.5539,0.321,A,0.4879,0.4879,0.144,0.0378,0.0086,0.0018,0.0003,0.0003
2026-06-12T23:30Z,2,0,South Africa,0.0045,0.0748,0.2646,0.6561,A,0.222,0.222,0.0382,0.005,0.0006,0.0001,0.0,0.0
2026-06-12T23:30Z,2,0,Canada,0.5512,0.3617,0.0744,0.0126,B,0.9764,0.9764,0.611,0.2922,0.0946,0.0302,0.0088,0.065
2026-06-12T23:30Z,2,0,Switzerland,0.4088,0.459,0.1092,0.0229,B,0.9562,0.9562,0.5764,0.2642,0.099,0.0353,0.0125,0.0432
2026-06-12T23:30Z,2,0,Bosnia and Herzegovina,0.031,0.1265,0.5184,0.324,B,0.4466,0.4466,0.0853,0.0142,0.0016,0.0,0.0,0.0006
2026-06-12T23:30Z,2,0,Qatar,0.0088,0.0528,0.2979,0.6404,B,0.1986,0.1986,0.021,0.0022,0.0,0.0,0.0,0.0001
2026-06-12T23:30Z,2,0,Brazil,0.4862,0.3156,0.1579,0.0404,C,0.9345,0.9345,0.5742,0.3488,0.2004,0.095,0.043,0.0298
2026-06-12T23:30Z,2,0,Morocco,0.3696,0.365,0.2047,0.0606,C,0.8996,0.8996,0.4997,0.2852,0.147,0.0608,0.0242,0.0194
2026-06-12T23:30Z,2,0,Scotland,0.1251,0.2517,0.4224,0.2007,C,0.6758,0.6758,0.2448,0.0968,0.0308,0.0081,0.0024,0.0028
2026-06-12T23:30Z,2,0,Haiti,0.0191,0.0677,0.2149,0.6983,C,0.2082,0.2082,0.0352,0.0066,0.001,0.0001,0.0,0.0001
2026-06-12T23:30Z,2,0,Turkey,0.3931,0.2709,0.1956,0.1404,D,0.8218,0.8218,0.5227,0.2598,0.1011,0.0432,0.0169,0.0072
2026-06-12T23:30Z,2,0,United States,0.2224,0.2548,0.2732,0.2496,D,0.6816,0.6816,0.3575,0.1407,0.0471,0.0152,0.0048,0.0014
2026-06-12T23:30Z,2,0,Australia,0.1926,0.2374,0.2653,0.3046,D,0.6249,0.6249,0.3044,0.1138,0.0339,0.0112,0.0024,0.0016
2026-06-12T23:30Z,2,0,Paraguay,0.1919,0.237,0.2658,0.3053,D,0.6252,0.6252,0.3011,0.1067,0.031,0.0106,0.0026,0.0017
2026-06-12T23:30Z,2,0,Ecuador,0.489,0.3406,0.145,0.0254,E,0.9531,0.9531,0.6316,0.337,0.19,0.0811,0.0332,0.0429
2026-06-12T23:30Z,2,0,Germany,0.3975,0.3844,0.1856,0.0325,E,0.9351,0.9351,0.5759,0.2824,0.1456,0.0584,0.0238,0.0315
2026-06-12T23:30Z,2,0,Ivory Coast,0.1045,0.2392,0.4872,0.169,E,0.6838,0.6838,0.2379,0.0703,0.0176,0.0037,0.001,0.0026
2026-06-12T23:30Z,2,0,Curaçao,0.009,0.0356,0.1823,0.7731,E,0.1354,0.1354,0.0168,0.0021,0.0002,0.0,0.0,0.0001
2026-06-12T23:30Z,2,0,Netherlands,0.4872,0.3362,0.1277,0.0489,F,0.925,0.925,0.5034,0.2961,0.146,0.0632,0.0262,0.0283
2026-06-12T23:30Z,2,0,Japan,0.3992,0.3654,0.1678,0.0675,F,0.8976,0.8976,0.4426,0.2488,0.112,0.0426,0.0156,0.0192
2026-06-12T23:30Z,2,0,Sweden,0.0639,0.1594,0.3676,0.4091,F,0.4524,0.4524,0.101,0.0282,0.0055,0.0011,0.0001,0.0006
2026-06-12T23:30Z,2,0,Tunisia,0.0498,0.1388,0.3368,0.4746,F,0.3911,0.3911,0.0804,0.0198,0.0036,0.0006,0.0001,0.0002
2026-06-12T23:30Z,2,0,Belgium,0.5192,0.2616,0.1482,0.0708,G,0.9028,0.9028,0.5374,0.2605,0.0943,0.0417,0.0152,0.0216
2026-06-12T23:30Z,2,0,Iran,0.2545,0.3204,0.2517,0.1734,G,0.7635,0.7635,0.3429,0.1144,0.0308,0.0096,0.0022,0.0037
2026-06-12T23:30Z,2,0,Egypt,0.1413,0.2382,0.307,0.3135,G,0.5963,0.5963,0.2112,0.0518,0.0105,0.0026,0.0005,0.002
2026-06-12T23:30Z,2,0,New Zealand,0.085,0.1798,0.293,0.4423,G,0.4588,0.4588,0.1256,0.0244,0.0038,0.0004,0.0001,0.0006
2026-06-12T23:30Z,2,0,Spain,0.836,0.1496,0.0127,0.0016,H,0.9973,0.9973,0.7826,0.6071,0.4946,0.3694,0.2544,0.3147
2026-06-12T23:30Z,2,0,Uruguay,0.1487,0.6436,0.1659,0.0418,H,0.9042,0.9042,0.3294,0.1768,0.0858,0.0366,0.0126,0.019
2026-06-12T23:30Z,2,0,Saudi Arabia,0.0097,0.1257,0.4586,0.406,H,0.3471,0.3471,0.0572,0.0118,0.0012,0.0001,0.0,0.0004
2026-06-12T23:30Z,2,0,Cape Verde,0.0056,0.0812,0.3628,0.5506,H,0.2234,0.2234,0.0294,0.0044,0.0002,0.0,0.0,0.0
2026-06-12T23:30Z,2,0,France,0.616,0.2488,0.1104,0.0246,I,0.9619,0.9619,0.712,0.4829,0.3202,0.1729,0.0962,0.0498
2026-06-12T23:30Z,2,0,Norway,0.2174,0.3664,0.3057,0.1106,I,0.8157,0.8157,0.4428,0.2217,0.0976,0.0382,0.0134,0.0074
2026-06-12T23:30Z,2,0,Senegal,0.1484,0.3114,0.3756,0.1646,I,0.7313,0.7313,0.351,0.1642,0.0621,0.0222,0.0074,0.0036
2026-06-12T23:30Z,2,0,Iraq,0.0181,0.0734,0.2083,0.7002,I,0.2082,0.2082,0.0482,0.0106,0.0015,0.0002,0.0,0.0
2026-06-12T23:30Z,2,0,Argentina,0.7913,0.1577,0.0432,0.0078,J,0.9884,0.9884,0.7191,0.585,0.4437,0.3113,0.1958,0.1164
2026-06-12T23:30Z,2,0,Austria,0.099,0.3724,0.3406,0.188,J,0.694,0.694,0.2198,0.0959,0.0316,0.0116,0.0028,0.0031
2026-06-12T23:30Z,2,0,Algeria,0.091,0.3461,0.351,0.2119,J,0.6652,0.6652,0.2028,0.085,0.0298,0.0098,0.0022,0.0024
2026-06-12T23:30Z,2,0,Jordan,0.0186,0.1238,0.2652,0.5923,J,0.2781,0.2781,0.0512,0.0124,0.0022,0.0004,0.0001,0.0004
2026-06-12T23:30Z,2,0,Colombia,0.437,0.3432,0.1592,0.0606,K,0.9088,0.9088,0.5748,0.2987,0.1512,0.079,0.035,0.0216
2026-06-12T23:30Z,2,0,Portugal,0.4308,0.342,0.1635,0.0636,K,0.9038,0.9038,0.5718,0.2967,0.1498,0.0794,0.0366,0.021
2026-06-12T23:30Z,2,0,Uzbekistan,0.0766,0.1718,0.3624,0.3892,K,0.4826,0.4826,0.155,0.0388,0.0111,0.0031,0.0006,0.0008
2026-06-12T23:30Z,2,0,DR Congo,0.0556,0.143,0.3148,0.4865,K,0.3936,0.3936,0.1058,0.0221,0.0052,0.0008,0.0001,0.0005
2026-06-12T23:30Z,2,0,England,0.6178,0.272,0.0936,0.0167,L,0.973,0.973,0.6848,0.3908,0.2382,0.1329,0.0671,0.0713
2026-06-12T23:30Z,2,0,Croatia,0.2682,0.4223,0.2492,0.0603,L,0.8822,0.8822,0.4538,0.1802,0.0844,0.0356,0.0123,0.0146
2026-06-12T23:30Z,2,0,Panama,0.104,0.2553,0.4632,0.1776,L,0.6784,0.6784,0.2304,0.0682,0.0192,0.0049,0.0012,0.0024
2026-06-12T23:30Z,2,0,Ghana,0.0101,0.0504,0.194,0.7454,L,0.1545,0.1545,0.0204,0.0032,0.0001,0.0,0.0,0.0
2026-06-13T12:07Z,4,0,Mexico,0.7218,0.2266,0.0499,0.0016,A,0.9957,0.9957,0.6826,0.3758,0.1682,0.0626,0.0217,0.021
2026-06-13T12:07Z,4,0,South Korea,0.253,0.5986,0.1273,0.021,A,0.9612,0.9612,0.4768,0.1594,0.0508,0.0132,0.0036,0.0048
2026-06-13T12:07Z,4,0,Czech Republic,0.0214,0.1013,0.555,0.3223,A,0.4714,0.4714,0.1415,0.0374,0.0082,0.0015,0.0001,0.0006
2026-06-13T12:07Z,4,0,South Africa,0.0038,0.0734,0.2678,0.655,A,0.2194,0.2194,0.0436,0.0065,0.0006,0.0001,0.0,0.0001
2026-06-13T12:07Z,4,0,Switzerland,0.5119,0.3266,0.1338,0.0278,B,0.955,0.955,0.5817,0.263,0.0961,0.0356,0.0114,0.0442
2026-06-13T12:07Z,4,0,Canada,0.4162,0.4194,0.1383,0.026,B,0.9411,0.9411,0.5668,0.2629,0.0869,0.0278,0.008,0.0131
2026-06-13T12:07Z,4,0,Bosnia and Herzegovina,0.0564,0.1937,0.4924,0.2574,B,0.5891,0.5891,0.113,0.0161,0.0017,0.0004,0.0,0.0006
2026-06-13T12:07Z,4,0,Qatar,0.0154,0.0602,0.2356,0.6888,B,0.1955,0.1955,0.0234,0.0017,0.0,0.0,0.0,0.0001
2026-06-13T12:07Z,4,0,Brazil,0.4922,0.3145,0.1552,0.038,C,0.935,0.935,0.579,0.3625,0.2025,0.0971,0.0441,0.0323
2026-06-13T12:07Z,4,0,Morocco,0.3619,0.3651,0.213,0.06,C,0.8946,0.8946,0.4958,0.2795,0.141,0.0581,0.0246,0.0186
2026-06-13T12:07Z,4,0,Scotland,0.127,0.2536,0.4168,0.2026,C,0.6714,0.6714,0.2392,0.0961,0.0303,0.0081,0.002,0.0024
2026-06-13T12:07Z,4,0,Haiti,0.0188,0.0668,0.215,0.6994,C,0.2057,0.2057,0.0358,0.0062,0.0014,0.0001,0.0,0.0
2026-06-13T12:07Z,4,0,United States,0.4726,0.3361,0.1695,0.0217,D,0.9692,0.9692,0.5387,0.2232,0.0678,0.0256,0.0076,0.0184
2026-06-13T12:07Z,4,0,Turkey,0.3401,0.3102,0.2223,0.1274,D,0.8206,0.8206,0.51,0.2471,0.0992,0.041,0.0149,0.0082
2026-06-13T12:07Z,4,0,Australia,0.1577,0.2426,0.3266,0.2732,D,0.634,0.634,0.2957,0.1074,0.0321,0.0086,0.0022,0.0016
2026-06-13T12:07Z,4,0,Paraguay,0.0296,0.1112,0.2816,0.5776,D,0.3355,0.3355,0.1369,0.0445,0.0148,0.004,0.0014,0.0005
2026-06-13T12:07Z,4,0,Ecuador,0.4874,0.3436,0.1458,0.0232,E,0.9554,0.9554,0.6331,0.3371,0.1916,0.0842,0.0369,0.0482
2026-06-13T12:07Z,4,0,Germany,0.4036,0.3808,0.1824,0.0332,E,0.9338,0.9338,0.571,0.281,0.1434,0.0585,0.0236,0.0326
2026-06-13T12:07Z,4,0,Ivory Coast,0.1007,0.2379,0.496,0.1654,E,0.6796,0.6796,0.2315,0.0718,0.0187,0.0039,0.0008,0.0026
2026-06-13T12:07Z,4,0,Curaçao,0.0082,0.0377,0.1758,0.7782,E,0.1326,0.1326,0.0164,0.0016,0.0001,0.0,0.0,0.0
2026-06-13T12:07Z,4,0,Netherlands,0.4852,0.3292,0.135,0.0506,F,0.9235,0.9235,0.4938,0.304,0.153,0.0626,0.027,0.0293
2026-06-13T12:07Z,4,0,Japan,0.4013,0.3733,0.1617,0.0638,F,0.9002,0.9002,0.45,0.2462,0.112,0.0446,0.0168,0.019
2026-06-13T12:07Z,4,0,Sweden,0.0614,0.1614,0.3648,0.4124,F,0.445,0.445,0.1004,0.0273,0.006,0.0012,0.0002,0.0006
2026-06-13T12:07Z,4,0,Tunisia,0.052,0.1362,0.3384,0.4733,F,0.3886,0.3886,0.0824,0.0202,0.004,0.0005,0.0,0.0004
2026-06-13T12:07Z,4,0,Belgium,0.5158,0.27,0.145,0.0692,G,0.9054,0.9054,0.5452,0.2652,0.0968,0.0422,0.015,0.0218
2026-06-13T12:07Z,4,0,Iran,0.2534,0.3161,0.2538,0.1768,G,0.7576,0.7576,0.3466,0.118,0.0336,0.0115,0.0025,0.0053
2026-06-13T12:07Z,4,0,Egypt,0.1398,0.2349,0.309,0.3163,G,0.5859,0.5859,0.2044,0.0498,0.011,0.0024,0.0003,0.0016
2026-06-13T12:07Z,4,0,New Zealand,0.0911,0.179,0.2922,0.4378,G,0.4638,0.4638,0.1308,0.0265,0.0042,0.0009,0.0,0.0008
2026-06-13T12:07Z,4,0,Spain,0.8386,0.147,0.013,0.0014,H,0.9973,0.9973,0.7892,0.6122,0.5004,0.3708,0.2582,0.3206
2026-06-13T12:07Z,4,0,Uruguay,0.1468,0.6478,0.1633,0.0421,H,0.9054,0.9054,0.3332,0.1773,0.0841,0.0362,0.0126,0.0193
2026-06-13T12:07Z,4,0,Saudi Arabia,0.0098,0.125,0.4684,0.3968,H,0.3393,0.3393,0.0546,0.0102,0.0016,0.0001,0.0,0.0004
2026-06-13T12:07Z,4,0,Cape Verde,0.0048,0.0802,0.3553,0.5596,H,0.2213,0.2213,0.0281,0.0051,0.0006,0.0,0.0,0.0001
2026-06-13T12:07Z,4,0,France,0.6036,0.2584,0.1119,0.026,I,0.959,0.959,0.7111,0.4832,0.3222,0.1808,0.1016,0.0514
2026-06-13T12:07Z,4,0,Norway,0.2211,0.3606,0.3062,0.1121,I,0.8102,0.8102,0.4432,0.2252,0.0981,0.037,0.0137,0.008
2026-06-13T12:07Z,4,0,Senegal,0.1554,0.3072,0.372,0.1655,I,0.7249,0.7249,0.352,0.1588,0.062,0.0202,0.007,0.0042
2026-06-13T12:07Z,4,0,Iraq,0.0198,0.0738,0.21,0.6964,I,0.204,0.204,0.0472,0.0117,0.0014,0.0002,0.0,0.0
2026-06-13T12:07Z,4,0,Argentina,0.7843,0.1632,0.0433,0.0092,J,0.9862,0.9862,0.7139,0.5748,0.4359,0.3048,0.1883,0.1238
2026-06-13T12:07Z,4,0,Austria,0.1056,0.3717,0.3402,0.1825,J,0.6982,0.6982,0.2205,0.0976,0.0332,0.012,0.0032,0.0032
2026-06-13T12:07Z,4,0,Algeria,0.0919,0.346,0.3518,0.2104,J,0.6629,0.6629,0.1999,0.0837,0.0271,0.01,0.0019,0.0027
2026-06-13T12:07Z,4,0,Jordan,0.0182,0.1192,0.2648,0.5979,J,0.2678,0.2678,0.0513,0.0125,0.002,0.0004,0.0,0.0001
2026-06-13T12:07Z,4,0,Colombia,0.4374,0.3472,0.1533,0.0622,K,0.9082,0.9082,0.5784,0.3066,0.1502,0.0797,0.0344,0.0234
2026-06-13T12:07Z,4,0,Portugal,0.4352,0.3465,0.1554,0.0629,K,0.9054,0.9054,0.5712,0.2993,0.1481,0.0759,0.0338,0.0217
2026-06-13T12:07Z,4,0,Uzbekistan,0.0721,0.1706,0.3636,0.3936,K,0.4698,0.4698,0.1453,0.0374,0.0098,0.0023,0.0006,0.0006
2026-06-13T12:07Z,4,0,DR Congo,0.0554,0.1357,0.3277,0.4812,K,0.3882,0.3882,0.1055,0.0239,0.0059,0.0012,0.0003,0.0004
2026-06-13T12:07Z,4,0,England,0.6222,0.264,0.0984,0.0154,L,0.9722,0.9722,0.6892,0.396,0.2428,0.1348,0.0669,0.0732
2026-06-13T12:07Z,4,0,Croatia,0.2657,0.4233,0.2498,0.0612,L,0.8828,0.8828,0.4532,0.179,0.0808,0.0324,0.0118,0.015
2026-06-13T12:07Z,4,0,Panama,0.1021,0.2602,0.4558,0.1819,L,0.673,0.673,0.227,0.065,0.018,0.0046,0.0008,0.0034
2026-06-13T12:07Z,4,0,Ghana,0.01,0.0526,0.196,0.7415,L,0.1581,0.1581,0.0196,0.0024,0.0001,0.0,0.0,0.0
2026-06-14T19:33Z,4,0,Mexico,0.72,0.226,0.0523,0.0017,A,0.9954,0.9954,0.6784,0.3692,0.1638,0.0611,0.0202,0.0181
2026-06-14T19:33Z,4,0,South Korea,0.2546,0.5901,0.1326,0.0226,A,0.957,0.957,0.4706,0.1545,0.0468,0.0127,0.003,0.0038
2026-06-14T19:33Z,4,0,Czech Republic,0.021,0.1101,0.5504,0.3185,A,0.4836,0.4836,0.1526,0.0377,0.0088,0.0014,0.0002,0.0005
2026-06-14T19:33Z,4,0,South Africa,0.0044,0.0738,0.2646,0.6572,A,0.2164,0.2164,0.038,0.0051,0.0006,0.0,0.0,0.0
2026-06-14T19:33Z,4,0,Switzerland,0.5198,0.3196,0.1364,0.0244,B,0.9574,0.9574,0.5833,0.2673,0.095,0.0357,0.0118,0.046
2026-06-14T19:33Z,4,0,Canada,0.4086,0.4266,0.1398,0.0248,B,0.9434,0.9434,0.569,0.2596,0.0806,0.0241,0.0075,0.0138
2026-06-14T19:33Z,4,0,Bosnia and Herzegovina,0.0571,0.1984,0.492,0.2524,B,0.5958,0.5958,0.1182,0.0167,0.0016,0.0002,0.0,0.0006
2026-06-14T19:33Z,4,0,Qatar,0.0145,0.0554,0.2318,0.6984,B,0.1902,0.1902,0.0208,0.0016,0.0,0.0,0.0,0.0001
2026-06-14T19:33Z,4,0,Brazil,0.4845,0.3204,0.1562,0.039,C,0.9352,0.9352,0.5793,0.3594,0.2027,0.0928,0.0444,0.0322
2026-06-14T19:33Z,4,0,Morocco,0.3634,0.3637,0.2096,0.0632,C,0.8965,0.8965,0.5001,0.2868,0.1474,0.0614,0.024,0.0203
2026-06-14T19:33Z,4,0,Scotland,0.1322,0.2472,0.4204,0.2002,C,0.6715,0.6715,0.2416,0.0966,0.0328,0.0081,0.0021,0.0026
2026-06-14T19:33Z,4,0,Haiti,0.0199,0.0686,0.2139,0.6976,C,0.2043,0.2043,0.035,0.0065,0.0012,0.0001,0.0,0.0001
2026-06-14T19:33Z,4,0,United States,0.4722,0.3324,0.1716,0.0238,D,0.9669,0.9669,0.539,0.2238,0.0722,0.0262,0.0081,0.0173
2026-06-14T19:33Z,4,0,Turkey,0.3393,0.3176,0.2227,0.1204,D,0.8282,0.8282,0.5194,0.2496,0.1017,0.0454,0.0171,0.0086
2026-06-14T19:33Z,4,0,Australia,0.1594,0.2432,0.3243,0.2731,D,0.6291,0.6291,0.2952,0.1019,0.0297,0.0098,0.0028,0.0019
2026-06-14T19:33Z,4,0,Paraguay,0.029,0.1069,0.2814,0.5826,D,0.3299,0.3299,0.1328,0.0456,0.015,0.0042,0.0015,0.0006
2026-06-14T19:33Z,4,0,Ecuador,0.5031,0.3364,0.1394,0.021,E,0.96,0.96,0.6412,0.3414,0.189,0.0828,0.0357,0.0453
2026-06-14T19:33Z,4,0,Germany,0.3853,0.4006,0.182,0.032,E,0.9354,0.9354,0.5637,0.2768,0.1408,0.0572,0.0224,0.0307
2026-06-14T19:33Z,4,0,Ivory Coast,0.1046,0.2262,0.4994,0.1698,E,0.6807,0.6807,0.2334,0.0716,0.0176,0.0041,0.0008,0.0031
2026-06-14T19:33Z,4,0,Curaçao,0.007,0.0368,0.1791,0.7772,E,0.1282,0.1282,0.0139,0.0017,0.0001,0.0,0.0,0.0
2026-06-14T19:33Z,4,0,Netherlands,0.4957,0.3268,0.1317,0.0458,F,0.9284,0.9284,0.4971,0.303,0.148,0.0624,0.026,0.0276
2026-06-14T19:33Z,4,0,Japan,0.391,0.3752,0.1677,0.0661,F,0.897,0.897,0.4488,0.2517,0.1133,0.0418,0.0159,0.0186
2026-06-14T19:33Z,4,0,Sweden,0.0596,0.1611,0.3615,0.4178,F,0.4455,0.4455,0.099,0.0262,0.0051,0.0008,0.0,0.0007
2026-06-14T19:33Z,4,0,Tunisia,0.0536,0.1369,0.3391,0.4704,F,0.3953,0.3953,0.0812,0.0206,0.0036,0.0004,0.0,0.0005
2026-06-14T19:33Z,4,0,Belgium,0.5226,0.2664,0.1424,0.0684,G,0.9044,0.9044,0.5466,0.2702,0.0946,0.042,0.0148,0.0216
2026-06-14T19:33Z,4,0,Iran,0.2512,0.3178,0.2576,0.1734,G,0.7602,0.7602,0.3431,0.1104,0.0311,0.0091,0.002,0.0052
2026-06-14T19:33Z,4,0,Egypt,0.1356,0.2358,0.312,0.3166,G,0.5866,0.5866,0.199,0.0506,0.0103,0.0022,0.0004,0.0018
2026-06-14T19:33Z,4,0,New Zealand,0.0906,0.18,0.2879,0.4415,G,0.4614,0.4614,0.1328,0.0256,0.0042,0.0005,0.0002,0.0006
2026-06-14T19:33Z,4,0,Spain,0.838,0.1478,0.0127,0.0014,H,0.9976,0.9976,0.7956,0.617,0.5052,0.3764,0.2586,0.3241
2026-06-14T19:33Z,4,0,Uruguay,0.1474,0.6472,0.159,0.0464,H,0.8998,0.8998,0.321,0.1659,0.0758,0.0316,0.0088,0.0209
2026-06-14T19:33Z,4,0,Saudi Arabia,0.0096,0.1264,0.4592,0.4048,H,0.334,0.334,0.0508,0.0111,0.0015,0.0001,0.0,0.0004
2026-06-14T19:33Z,4,0,Cape Verde,0.005,0.0785,0.369,0.5475,H,0.2199,0.2199,0.0289,0.005,0.0004,0.0,0.0,0.0002
2026-06-14T19:33Z,4,0,France,0.6088,0.2536,0.1122,0.0256,I,0.9586,0.9586,0.7123,0.4844,0.3199,0.1744,0.1001,0.0505
2026-06-14T19:33Z,4,0,Norway,0.2212,0.369,0.2982,0.1116,I,0.8129,0.8129,0.4432,0.224,0.0988,0.0391,0.0133,0.007
2026-06-14T19:33Z,4,0,Senegal,0.1533,0.3056,0.3817,0.1594,I,0.7296,0.7296,0.3528,0.1582,0.0602,0.0205,0.0069,0.004
2026-06-14T19:33Z,4,0,Iraq,0.0168,0.0718,0.208,0.7035,I,0.2036,0.2036,0.0508,0.0118,0.0016,0.0001,0.0,0.0001
2026-06-14T19:33Z,4,0,Argentina,0.7975,0.1492,0.0448,0.0084,J,0.987,0.987,0.7232,0.5834,0.442,0.313,0.1948,0.1283
2026-06-14T19:33Z,4,0,Austria,0.0957,0.375,0.3408,0.1885,J,0.6883,0.6883,0.2144,0.0916,0.0307,0.0088,0.0024,0.0031
2026-06-14T19:33Z,4,0,Algeria,0.0885,0.3512,0.3536,0.2067,J,0.6661,0.6661,0.1958,0.0855,0.026,0.0088,0.0021,0.0019
2026-06-14T19:33Z,4,0,Jordan,0.0183,0.1246,0.2606,0.5964,J,0.2716,0.2716,0.0487,0.0124,0.0024,0.0003,0.0,0.0
2026-06-14T19:33Z,4,0,Portugal,0.4414,0.3406,0.1555,0.0625,K,0.9055,0.9055,0.5772,0.3088,0.1601,0.0849,0.0372,0.023
2026-06-14T19:33Z,4,0,Colombia,0.435,0.3452,0.1586,0.0612,K,0.9084,0.9084,0.5755,0.3059,0.1567,0.0807,0.0352,0.0206
2026-06-14T19:33Z,4,0,Uzbekistan,0.0706,0.1719,0.3573,0.4002,K,0.464,0.464,0.1409,0.0365,0.01,0.0026,0.0004,0.0006
2026-06-14T19:33Z,4,0,DR Congo,0.053,0.1423,0.3286,0.4761,K,0.3923,0.3923,0.109,0.0244,0.0057,0.0012,0.0002,0.0002
2026-06-14T19:33Z,4,0,England,0.6297,0.2646,0.0902,0.0154,L,0.9733,0.9733,0.6885,0.3998,0.2464,0.1348,0.0672,0.0735
2026-06-14T19:33Z,4,0,Croatia,0.2648,0.4294,0.2418,0.0639,L,0.8805,0.8805,0.4544,0.176,0.0796,0.0311,0.0106,0.0156
2026-06-14T19:33Z,4,0,Panama,0.0951,0.253,0.4672,0.1847,L,0.6609,0.6609,0.2205,0.0636,0.0187,0.005,0.0012,0.0033
2026-06-14T19:33Z,4,0,Ghana,0.0104,0.0528,0.2008,0.736,L,0.1621,0.1621,0.0231,0.0038,0.0006,0.0,0.0,0.0
2026-06-14T20:06Z,8,0,Mexico,0.7242,0.2231,0.0514,0.0014,A,0.9956,0.9956,0.6792,0.3696,0.1622,0.062,0.0214,0.0226
2026-06-14T20:06Z,8,0,South Korea,0.2536,0.595,0.1304,0.021,A,0.9539,0.9539,0.4822,0.1621,0.0517,0.0128,0.0032,0.0049
2026-06-14T20:06Z,8,0,Czech Republic,0.0186,0.1042,0.5553,0.3219,A,0.4665,0.4665,0.1459,0.0369,0.0076,0.0014,0.0001,0.0004
2026-06-14T20:06Z,8,0,South Africa,0.0036,0.0777,0.263,0.6557,A,0.2138,0.2138,0.0446,0.006,0.0011,0.0001,0.0,0.0
2026-06-14T20:06Z,8,0,Canada,0.5409,0.3048,0.1201,0.0342,B,0.9382,0.9382,0.5812,0.2783,0.0879,0.0296,0.0081,0.0156
2026-06-14T20:06Z,8,0,Switzerland,0.3516,0.3561,0.229,0.0634,B,0.8482,0.8482,0.5087,0.2318,0.0882,0.0342,0.0112,0.0042
2026-06-14T20:06Z,8,0,Bosnia and Herzegovina,0.081,0.2366,0.3846,0.2978,B,0.591,0.591,0.1264,0.0173,0.002,0.0,0.0,0.0005
2026-06-14T20:06Z,8,0,Qatar,0.0265,0.1024,0.2664,0.6047,B,0.3034,0.3034,0.0372,0.0024,0.0001,0.0,0.0,0.0
2026-06-14T20:06Z,8,0,Brazil,0.4347,0.3492,0.175,0.0411,C,0.9347,0.9347,0.5762,0.3576,0.1998,0.0949,0.0437,0.0164
2026-06-14T20:06Z,8,0,Morocco,0.3552,0.3715,0.2233,0.05,C,0.9132,0.9132,0.5065,0.2923,0.1496,0.0606,0.0256,0.012
2026-06-14T20:06Z,8,0,Scotland,0.203,0.2636,0.5014,0.032,C,0.8416,0.8416,0.3092,0.1248,0.041,0.0104,0.0028,0.0001
2026-06-14T20:06Z,8,0,Haiti,0.0071,0.0156,0.1003,0.877,C,0.0884,0.0884,0.014,0.0027,0.0004,0.0,0.0,0.0
2026-06-14T20:06Z,8,0,United States,0.5016,0.2958,0.1827,0.02,D,0.9706,0.9706,0.5388,0.2232,0.0674,0.0263,0.0084,0.019
2026-06-14T20:06Z,8,0,Australia,0.4042,0.3751,0.1868,0.0338,D,0.9489,0.9489,0.4918,0.1792,0.0528,0.0164,0.0054,0.003
2026-06-14T20:06Z,8,0,Turkey,0.0684,0.2198,0.4,0.3118,D,0.5794,0.5794,0.3214,0.1454,0.0656,0.0282,0.0104,0.0006
2026-06-14T20:06Z,8,0,Paraguay,0.0258,0.1093,0.2305,0.6344,D,0.3026,0.3026,0.1236,0.0395,0.014,0.0045,0.0012,0.0008
2026-06-14T20:06Z,8,0,Ecuador,0.5012,0.3379,0.1398,0.021,E,0.9578,0.9578,0.6402,0.3361,0.1869,0.0816,0.0364,0.0499
2026-06-14T20:06Z,8,0,Germany,0.39,0.3887,0.1874,0.034,E,0.9325,0.9325,0.5658,0.2782,0.1354,0.0542,0.0218,0.0331
2026-06-14T20:06Z,8,0,Ivory Coast,0.1005,0.2358,0.5014,0.1622,E,0.6748,0.6748,0.2312,0.0711,0.0198,0.0038,0.0009,0.0031
2026-06-14T20:06Z,8,0,Curaçao,0.0084,0.0375,0.1713,0.7828,E,0.1253,0.1253,0.0144,0.0014,0.0001,0.0,0.0,0.0001
2026-06-14T20:06Z,8,0,Netherlands,0.4996,0.3192,0.1346,0.0468,F,0.9276,0.9276,0.496,0.3028,0.1528,0.0662,0.0268,0.032
2026-06-14T20:06Z,8,0,Japan,0.3858,0.3817,0.1655,0.067,F,0.8962,0.8962,0.4422,0.2436,0.1104,0.0396,0.0152,0.021
2026-06-14T20:06Z,8,0,Sweden,0.0634,0.161,0.3648,0.411,F,0.448,0.448,0.105,0.029,0.0062,0.0014,0.0002,0.0008
2026-06-14T20:06Z,8,0,Tunisia,0.0514,0.1382,0.3352,0.4752,F,0.382,0.382,0.0793,0.0197,0.0026,0.0004,0.0,0.0008
2026-06-14T20:06Z,8,0,Belgium,0.522,0.2644,0.1454,0.0682,G,0.9044,0.9044,0.5504,0.2759,0.098,0.042,0.0154,0.0256
2026-06-14T20:06Z,8,0,Iran,0.2496,0.315,0.255,0.1802,G,0.751,0.751,0.3462,0.1176,0.0316,0.0098,0.0022,0.006
2026-06-14T20:06Z,8,0,Egypt,0.1383,0.2394,0.3116,0.3108,G,0.5874,0.5874,0.2074,0.0538,0.0104,0.0024,0.0005,0.0023
2026-06-14T20:06Z,8,0,New Zealand,0.0901,0.1811,0.288,0.4408,G,0.4553,0.4553,0.1332,0.0262,0.005,0.0012,0.0002,0.0011
2026-06-14T20:06Z,8,0,Spain,0.84,0.1471,0.0116,0.0012,H,0.9978,0.9978,0.7904,0.6153,0.5072,0.3765,0.262,0.3422
2026-06-14T20:06Z,8,0,Uruguay,0.1454,0.6476,0.1636,0.0434,H,0.8971,0.8971,0.3201,0.1738,0.0814,0.0336,0.0101,0.0221
2026-06-14T20:06Z,8,0,Saudi Arabia,0.0101,0.1204,0.4704,0.3992,H,0.331,0.331,0.0522,0.0114,0.0014,0.0,0.0,0.0004
2026-06-14T20:06Z,8,0,Cape Verde,0.0045,0.085,0.3544,0.5562,H,0.2182,0.2182,0.0256,0.005,0.0004,0.0,0.0,0.0001
2026-06-14T20:06Z,8,0,France,0.607,0.2532,0.1142,0.0256,I,0.9578,0.9578,0.7088,0.4888,0.3258,0.179,0.0985,0.058
2026-06-14T20:06Z,8,0,Norway,0.2217,0.3668,0.3009,0.1106,I,0.8091,0.8091,0.4389,0.2241,0.0972,0.0368,0.013,0.008
2026-06-14T20:06Z,8,0,Senegal,0.1538,0.3096,0.3776,0.1589,I,0.7292,0.7292,0.3534,0.1643,0.0621,0.0214,0.0068,0.005
2026-06-14T20:06Z,8,0,Iraq,0.0176,0.0704,0.2073,0.7048,I,0.194,0.194,0.046,0.0111,0.0015,0.0001,0.0,0.0002
2026-06-14T20:06Z,8,0,Argentina,0.795,0.156,0.0406,0.0084,J,0.9874,0.9874,0.7214,0.5896,0.4472,0.3165,0.1934,0.1348
2026-06-14T20:06Z,8,0,Austria,0.0994,0.3788,0.3344,0.1874,J,0.6901,0.6901,0.2134,0.0952,0.0331,0.011,0.0028,0.0036
2026-06-14T20:06Z,8,0,Algeria,0.0872,0.3481,0.3617,0.2031,J,0.6615,0.6615,0.2034,0.0864,0.0292,0.0106,0.0026,0.0032
2026-06-14T20:06Z,8,0,Jordan,0.0184,0.117,0.2634,0.601,J,0.2644,0.2644,0.0483,0.012,0.0016,0.0002,0.0,0.0001
2026-06-14T20:06Z,8,0,Portugal,0.44,0.3432,0.1522,0.0646,K,0.9044,0.9044,0.5722,0.2982,0.1525,0.0806,0.0352,0.0236
2026-06-14T20:06Z,8,0,Colombia,0.4344,0.3482,0.1571,0.0602,K,0.907,0.907,0.5736,0.2987,0.1472,0.0764,0.034,0.0238
2026-06-14T20:06Z,8,0,Uzbekistan,0.0724,0.1664,0.3646,0.3966,K,0.4614,0.4614,0.1418,0.037,0.0102,0.0021,0.0004,0.0008
2026-06-14T20:06Z,8,0,DR Congo,0.0531,0.1422,0.3261,0.4786,K,0.3903,0.3903,0.1056,0.0238,0.0055,0.0012,0.0002,0.0004
2026-06-14T20:06Z,8,0,England,0.6284,0.263,0.0942,0.0144,L,0.973,0.973,0.6904,0.3948,0.244,0.131,0.0671,0.0784
2026-06-14T20:06Z,8,0,Croatia,0.2637,0.43,0.2443,0.062,L,0.8816,0.8816,0.4573,0.1808,0.0835,0.0334,0.011,0.0164
2026-06-14T20:06Z,8,0,Panama,0.0988,0.2539,0.4638,0.1835,L,0.6568,0.6568,0.2192,0.063,0.0184,0.0058,0.0014,0.0029
2026-06-14T20:06Z,8,0,Ghana,0.0091,0.0532,0.1976,0.7401,L,0.1558,0.1558,0.02,0.0024,0.0001,0.0,0.0,0.0001
2026-06-15T12:09Z,12,0,Mexico,0.7263,0.2249,0.0472,0.0016,A,0.9942,0.9942,0.6554,0.3524,0.1576,0.0548,0.0194,0.0122
2026-06-15T12:09Z,12,0,South Korea,0.2488,0.6015,0.1297,0.02,A,0.951,0.951,0.4806,0.1616,0.0535,0.014,0.0034,0.0029
2026-06-15T12:09Z,12,0,Czech Republic,0.0198,0.0984,0.5575,0.3242,A,0.4347,0.4347,0.1464,0.0368,0.0078,0.002,0.0004,0.0001
2026-06-15T12:09Z,12,0,South Africa,0.005,0.0752,0.2656,0.6542,A,0.1998,0.1998,0.0453,0.0068,0.0008,0.0,0.0,0.0
2026-06-15T12:09Z,12,0,Canada,0.5364,0.3083,0.1212,0.0342,B,0.9388,0.9388,0.5826,0.2761,0.0884,0.0313,0.0096,0.0088
2026-06-15T12:09Z,12,0,Switzerland,0.3506,0.3518,0.2314,0.0662,B,0.8412,0.8412,0.5132,0.2318,0.091,0.034,0.0114,0.0026
2026-06-15T12:09Z,12,0,Bosnia and Herzegovina,0.084,0.2332,0.3818,0.301,B,0.5864,0.5864,0.127,0.0189,0.0018,0.0001,0.0001,0.0
2026-06-15T12:09Z,12,0,Qatar,0.029,0.1067,0.2657,0.5986,B,0.3018,0.3018,0.0372,0.003,0.0001,0.0,0.0,0.0
2026-06-15T12:09Z,12,0,Brazil,0.4383,0.3456,0.1783,0.0378,C,0.9331,0.9331,0.5758,0.3645,0.2051,0.0942,0.0445,0.0114
2026-06-15T12:09Z,12,0,Morocco,0.3501,0.374,0.223,0.053,C,0.9104,0.9104,0.5108,0.2965,0.1509,0.0616,0.0248,0.0074
2026-06-15T12:09Z,12,0,Scotland,0.2046,0.2642,0.4996,0.0316,C,0.8178,0.8178,0.3053,0.126,0.0412,0.0104,0.0028,0.0001
2026-06-15T12:09Z,12,0,Haiti,0.007,0.0163,0.099,0.8777,C,0.082,0.082,0.0137,0.003,0.0004,0.0001,0.0,0.0
2026-06-15T12:09Z,12,0,United States,0.5015,0.2959,0.1817,0.0209,D,0.9646,0.9646,0.5302,0.221,0.0706,0.0245,0.0072,0.0118
2026-06-15T12:09Z,12,0,Australia,0.4072,0.3743,0.1828,0.0357,D,0.9427,0.9427,0.4885,0.1832,0.0542,0.0173,0.0044,0.0008
2026-06-15T12:09Z,12,0,Turkey,0.065,0.2214,0.3998,0.3137,D,0.568,0.568,0.3239,0.1448,0.0668,0.028,0.0098,0.0003
2026-06-15T12:09Z,12,0,Paraguay,0.0263,0.1084,0.2356,0.6296,D,0.2982,0.2982,0.1268,0.0403,0.0146,0.004,0.0012,0.0002
2026-06-15T12:09Z,12,0,Germany,0.6448,0.203,0.151,0.0012,E,0.997,0.997,0.643,0.3111,0.1594,0.0634,0.0256,0.3123
2026-06-15T12:09Z,12,0,Ivory Coast,0.2914,0.4408,0.262,0.0058,E,0.9596,0.9596,0.3568,0.102,0.0278,0.0064,0.0012,0.0008
2026-06-15T12:09Z,12,0,Ecuador,0.0628,0.3444,0.5422,0.0504,E,0.859,0.859,0.4976,0.2798,0.1394,0.0662,0.0296,0.0041
2026-06-15T12:09Z,12,0,Curaçao,0.001,0.0117,0.0448,0.9425,E,0.0346,0.0346,0.0042,0.0008,0.0,0.0,0.0,0.0
2026-06-15T12:09Z,12,0,Netherlands,0.4278,0.3664,0.1612,0.0446,F,0.9288,0.9288,0.4976,0.303,0.151,0.064,0.0256,0.0248
2026-06-15T12:09Z,12,0,Japan,0.373,0.3902,0.1814,0.0554,F,0.9131,0.9131,0.4526,0.2547,0.1191,0.047,0.0186,0.0186
2026-06-15T12:09Z,12,0,Sweden,0.1884,0.2291,0.5528,0.0296,F,0.9167,0.9167,0.2218,0.0614,0.012,0.0016,0.0002,0.0092
2026-06-15T12:09Z,12,0,Tunisia,0.0109,0.0142,0.1044,0.8704,F,0.0844,0.0844,0.0196,0.0051,0.001,0.0002,0.0001,0.0
2026-06-15T12:09Z,12,0,Belgium,0.5239,0.2622,0.1466,0.0672,G,0.8988,0.8988,0.5428,0.2718,0.0956,0.0418,0.0156,0.0173
2026-06-15T12:09Z,12,0,Iran,0.2512,0.3215,0.2496,0.1777,G,0.7452,0.7452,0.3372,0.1138,0.0292,0.0098,0.0025,0.0038
2026-06-15T12:09Z,12,0,Egypt,0.1359,0.2369,0.316,0.3112,G,0.5744,0.5744,0.2,0.0496,0.0093,0.002,0.0004,0.0008
2026-06-15T12:09Z,12,0,New Zealand,0.0889,0.1794,0.2878,0.4438,G,0.4434,0.4434,0.126,0.0269,0.0042,0.0006,0.0,0.0004
2026-06-15T12:09Z,12,0,Spain,0.842,0.1434,0.0136,0.001,H,0.9978,0.9978,0.7947,0.6158,0.5015,0.3742,0.2554,0.2782
2026-06-15T12:09Z,12,0,Uruguay,0.1437,0.6496,0.164,0.0428,H,0.8934,0.8934,0.3192,0.169,0.0792,0.034,0.0102,0.0118
2026-06-15T12:09Z,12,0,Saudi Arabia,0.0101,0.1262,0.4619,0.4018,H,0.3103,0.3103,0.0479,0.0102,0.0015,0.0002,0.0,0.0
2026-06-15T12:09Z,12,0,Cape Verde,0.0042,0.0808,0.3605,0.5545,H,0.2012,0.2012,0.0238,0.0046,0.0004,0.0001,0.0,0.0
2026-06-15T12:09Z,12,0,France,0.602,0.2589,0.1128,0.0264,I,0.9551,0.9551,0.7099,0.502,0.3366,0.187,0.1024,0.04
2026-06-15T12:09Z,12,0,Norway,0.2243,0.3617,0.3078,0.1062,I,0.8021,0.8021,0.4542,0.2318,0.1056,0.0404,0.0147,0.005
2026-06-15T12:09Z,12,0,Senegal,0.1562,0.3079,0.377,0.159,I,0.7121,0.7121,0.3615,0.1702,0.0657,0.0222,0.0066,0.0024
2026-06-15T12:09Z,12,0,Iraq,0.0176,0.0716,0.2024,0.7084,I,0.1883,0.1883,0.0442,0.0092,0.0014,0.0001,0.0,0.0
2026-06-15T12:09Z,12,0,Argentina,0.7974,0.1538,0.04,0.0088,J,0.9857,0.9857,0.7229,0.5931,0.4498,0.3192,0.2004,0.1042
2026-06-15T12:09Z,12,0,Austria,0.0959,0.3712,0.3396,0.1933,J,0.672,0.672,0.2009,0.0864,0.0296,0.0101,0.0026,0.0024
2026-06-15T12:09Z,12,0,Algeria,0.0884,0.3562,0.351,0.2044,J,0.6488,0.6488,0.1938,0.081,0.0252,0.0075,0.0018,0.0012
2026-06-15T12:09Z,12,0,Jordan,0.0182,0.1189,0.2694,0.5935,J,0.2569,0.2569,0.0449,0.0112,0.0017,0.0002,0.0,0.0001
2026-06-15T12:09Z,12,0,Colombia,0.4384,0.3407,0.1574,0.0635,K,0.8993,0.8993,0.5656,0.2967,0.1502,0.079,0.0358,0.0152
2026-06-15T12:09Z,12,0,Portugal,0.4342,0.3506,0.1533,0.0618,K,0.9004,0.9004,0.5647,0.2987,0.154,0.0815,0.0365,0.0161
2026-06-15T12:09Z,12,0,Uzbekistan,0.0732,0.1684,0.364,0.3944,K,0.4506,0.4506,0.1313,0.0318,0.0082,0.0022,0.0005,0.0004
2026-06-15T12:09Z,12,0,DR Congo,0.0542,0.1403,0.3252,0.4803,K,0.3755,0.3755,0.1046,0.022,0.0055,0.0012,0.0002,0.0002
2026-06-15T12:09Z,12,0,England,0.6303,0.2609,0.0956,0.0133,L,0.9734,0.9734,0.6786,0.3874,0.237,0.1275,0.0632,0.0592
2026-06-15T12:09Z,12,0,Croatia,0.2629,0.4254,0.2514,0.0602,L,0.8712,0.8712,0.4393,0.17,0.076,0.0299,0.0102,0.011
2026-06-15T12:09Z,12,0,Panama,0.0977,0.2603,0.4589,0.1831,L,0.6421,0.6421,0.2169,0.0603,0.018,0.0042,0.0009,0.0013
2026-06-15T12:09Z,12,0,Ghana,0.0091,0.0534,0.1942,0.7434,L,0.1444,0.1444,0.0194,0.0019,0.0002,0.0,0.0,0.0
2026-06-16T16:06Z,16,0,Mexico,0.7247,0.2245,0.0487,0.0021,A,0.9926,0.9926,0.6682,0.3692,0.1659,0.0604,0.0213,0.0191
2026-06-16T16:06Z,16,0,South Korea,0.2503,0.5975,0.131,0.0212,A,0.9446,0.9446,0.474,0.1648,0.0534,0.0142,0.0039,0.0038
2026-06-16T16:06Z,16,0,Czech Republic,0.02,0.1028,0.5518,0.3255,A,0.4252,0.4252,0.1488,0.0375,0.0076,0.0015,0.0001,0.0004
2026-06-16T16:06Z,16,0,South Africa,0.005,0.0752,0.2686,0.6512,A,0.1959,0.1959,0.0436,0.0052,0.0006,0.0001,0.0,0.0
2026-06-16T16:06Z,16,0,Canada,0.5319,0.3123,0.12,0.0358,B,0.9328,0.9328,0.5774,0.2798,0.0866,0.0281,0.0089,0.0127
2026-06-16T16:06Z,16,0,Switzerland,0.3566,0.3548,0.2256,0.063,B,0.846,0.846,0.5082,0.2282,0.0858,0.0322,0.0102,0.0038
2026-06-16T16:06Z,16,0,Bosnia and Herzegovina,0.0828,0.2284,0.3843,0.3045,B,0.5839,0.5839,0.1322,0.0198,0.0016,0.0001,0.0,0.0003
2026-06-16T16:06Z,16,0,Qatar,0.0286,0.1046,0.2702,0.5967,B,0.3028,0.3028,0.0369,0.0029,0.0002,0.0,0.0,0.0
2026-06-16T16:06Z,16,0,Brazil,0.4383,0.3469,0.1808,0.034,C,0.9356,0.9356,0.5798,0.3672,0.2066,0.0964,0.0434,0.0173
2026-06-16T16:06Z,16,0,Morocco,0.3482,0.3771,0.2253,0.0494,C,0.9116,0.9116,0.508,0.2959,0.1506,0.0622,0.0236,0.0106
2026-06-16T16:06Z,16,0,Scotland,0.207,0.2605,0.5006,0.0319,C,0.8118,0.8118,0.3082,0.1241,0.0448,0.0106,0.0029,0.0004
2026-06-16T16:06Z,16,0,Haiti,0.0066,0.0155,0.0932,0.8847,C,0.074,0.074,0.0115,0.0022,0.0001,0.0,0.0,0.0
2026-06-16T16:06Z,16,0,United States,0.5075,0.293,0.1804,0.019,D,0.9632,0.9632,0.533,0.2322,0.073,0.0262,0.0069,0.0177
2026-06-16T16:06Z,16,0,Australia,0.4001,0.379,0.1862,0.0348,D,0.9374,0.9374,0.4842,0.18,0.0535,0.0167,0.0043,0.002
2026-06-16T16:06Z,16,0,Turkey,0.0674,0.2182,0.402,0.3123,D,0.5586,0.5586,0.3067,0.1406,0.0652,0.0272,0.01,0.0005
2026-06-16T16:06Z,16,0,Paraguay,0.025,0.1098,0.2314,0.6338,D,0.2935,0.2935,0.126,0.0409,0.0136,0.0039,0.0012,0.0004
2026-06-16T16:06Z,16,0,Germany,0.6507,0.1983,0.1498,0.0012,E,0.9959,0.9959,0.6425,0.3098,0.158,0.0654,0.027,0.4434
2026-06-16T16:06Z,16,0,Ivory Coast,0.2851,0.4378,0.27,0.0072,E,0.9542,0.9542,0.355,0.1022,0.0264,0.0058,0.0012,0.0016
2026-06-16T16:06Z,16,0,Ecuador,0.0634,0.3528,0.534,0.0497,E,0.8507,0.8507,0.4914,0.2696,0.1409,0.0651,0.0278,0.0067
2026-06-16T16:06Z,16,0,Curaçao,0.0008,0.0111,0.0462,0.9418,E,0.0357,0.0357,0.0044,0.0004,0.0,0.0,0.0,0.0
2026-06-16T16:06Z,16,0,Netherlands,0.4273,0.3704,0.1567,0.0456,F,0.9277,0.9277,0.4927,0.2978,0.1514,0.0615,0.0244,0.0351
2026-06-16T16:06Z,16,0,Japan,0.3691,0.3876,0.1838,0.0594,F,0.9084,0.9084,0.4518,0.2519,0.116,0.045,0.0166,0.0264
2026-06-16T16:06Z,16,0,Sweden,0.1913,0.2286,0.55,0.0301,F,0.9035,0.9035,0.2188,0.0619,0.0117,0.0018,0.0002,0.0148
2026-06-16T16:06Z,16,0,Tunisia,0.0123,0.0133,0.1096,0.8648,F,0.087,0.087,0.018,0.0052,0.0007,0.0001,0.0,0.0
2026-06-16T16:06Z,16,0,Belgium,0.4605,0.2679,0.176,0.0956,G,0.854,0.854,0.5137,0.2485,0.0924,0.0396,0.014,0.0044
2026-06-16T16:06Z,16,0,Iran,0.2412,0.2607,0.2835,0.2146,G,0.6492,0.6492,0.2983,0.1029,0.028,0.009,0.0024,0.0022
2026-06-16T16:06Z,16,0,Egypt,0.1824,0.2751,0.2631,0.2794,G,0.6431,0.6431,0.23,0.0582,0.0109,0.0026,0.0006,0.0008
2026-06-16T16:06Z,16,0,New Zealand,0.1159,0.1963,0.2774,0.4104,G,0.4628,0.4628,0.1388,0.0274,0.0044,0.0008,0.0002,0.0007
2026-06-16T16:06Z,16,0,Spain,0.7619,0.1796,0.0499,0.0086,H,0.9799,0.9799,0.77,0.6047,0.4912,0.3671,0.252,0.0264
2026-06-16T16:06Z,16,0,Uruguay,0.183,0.4582,0.2551,0.1037,H,0.7893,0.7893,0.312,0.1608,0.0734,0.0298,0.0094,0.0022
2026-06-16T16:06Z,16,0,Cape Verde,0.0277,0.1989,0.3246,0.4487,H,0.4134,0.4134,0.0498,0.0085,0.0009,0.0,0.0,0.0
2026-06-16T16:06Z,16,0,Saudi Arabia,0.0274,0.1632,0.3704,0.439,H,0.447,0.447,0.0738,0.0165,0.0021,0.0004,0.0,0.0001
2026-06-16T16:06Z,16,0,France,0.6108,0.256,0.1092,0.024,I,0.9547,0.9547,0.717,0.5107,0.3414,0.189,0.1036,0.0534
2026-06-16T16:06Z,16,0,Norway,0.221,0.3714,0.2998,0.1079,I,0.7962,0.7962,0.4522,0.2329,0.103,0.0398,0.0144,0.008
2026-06-16T16:06Z,16,0,Senegal,0.15,0.3064,0.3818,0.1618,I,0.7022,0.7022,0.3579,0.1626,0.0611,0.0196,0.0058,0.0041
2026-06-16T16:06Z,16,0,Iraq,0.0181,0.0662,0.2094,0.7064,I,0.1812,0.1812,0.0458,0.0099,0.0018,0.0005,0.0,0.0001
2026-06-16T16:06Z,16,0,Argentina,0.795,0.1517,0.0432,0.01,J,0.9834,0.9834,0.7372,0.601,0.4579,0.3257,0.2055,0.1324
2026-06-16T16:06Z,16,0,Austria,0.097,0.374,0.3392,0.1898,J,0.6604,0.6604,0.2206,0.0951,0.0328,0.0106,0.0028,0.0024
2026-06-16T16:06Z,16,0,Algeria,0.0898,0.3534,0.352,0.2049,J,0.6388,0.6388,0.204,0.0854,0.0306,0.01,0.0031,0.0024
2026-06-16T16:06Z,16,0,Jordan,0.0182,0.121,0.2656,0.5953,J,0.2492,0.2492,0.0469,0.0124,0.0022,0.0006,0.0,0.0002
2026-06-16T16:06Z,16,0,Portugal,0.4426,0.3428,0.153,0.0615,K,0.9003,0.9003,0.5645,0.3014,0.1498,0.0793,0.0354,0.0227
2026-06-16T16:06Z,16,0,Colombia,0.4297,0.346,0.1583,0.066,K,0.8924,0.8924,0.5538,0.2908,0.147,0.0768,0.0346,0.0222
2026-06-16T16:06Z,16,0,Uzbekistan,0.0716,0.172,0.3623,0.394,K,0.4466,0.4466,0.1373,0.034,0.0088,0.0022,0.0008,0.0006
2026-06-16T16:06Z,16,0,DR Congo,0.056,0.1392,0.3263,0.4784,K,0.3689,0.3689,0.102,0.0222,0.0054,0.0016,0.0002,0.0006
2026-06-16T16:06Z,16,0,England,0.6246,0.2699,0.0899,0.0156,L,0.9694,0.9694,0.6748,0.388,0.2436,0.134,0.0688,0.0781
2026-06-16T16:06Z,16,0,Croatia,0.2706,0.4223,0.2452,0.062,L,0.8664,0.8664,0.4429,0.1716,0.0786,0.0312,0.0113,0.016
2026-06-16T16:06Z,16,0,Panama,0.0955,0.2553,0.4647,0.1845,L,0.6335,0.6335,0.2172,0.0632,0.0183,0.0053,0.0011,0.0028
2026-06-16T16:06Z,16,0,Ghana,0.0094,0.0525,0.2002,0.7378,L,0.1448,0.1448,0.0184,0.0019,0.0002,0.0,0.0,0.0
2026-06-16T16:12Z,16,0,Mexico,0.7247,0.2245,0.0487,0.0021,A,0.9926,0.9926,0.6682,0.3692,0.1659,0.0604,0.0213,0.0191
2026-06-16T16:12Z,16,0,South Korea,0.2503,0.5975,0.131,0.0212,A,0.9446,0.9446,0.474,0.1648,0.0534,0.0142,0.0039,0.0038
2026-06-16T16:12Z,16,0,Czech Republic,0.02,0.1028,0.5518,0.3255,A,0.4252,0.4252,0.1488,0.0375,0.0076,0.0015,0.0001,0.0004
2026-06-16T16:12Z,16,0,South Africa,0.005,0.0752,0.2686,0.6512,A,0.1959,0.1959,0.0436,0.0052,0.0006,0.0001,0.0,0.0
2026-06-16T16:12Z,16,0,Canada,0.5319,0.3123,0.12,0.0358,B,0.9328,0.9328,0.5774,0.2798,0.0866,0.0281,0.0089,0.0127
2026-06-16T16:12Z,16,0,Switzerland,0.3566,0.3548,0.2256,0.063,B,0.846,0.846,0.5082,0.2282,0.0858,0.0322,0.0102,0.0038
2026-06-16T16:12Z,16,0,Bosnia and Herzegovina,0.0828,0.2284,0.3843,0.3045,B,0.5839,0.5839,0.1322,0.0198,0.0016,0.0001,0.0,0.0003
2026-06-16T16:12Z,16,0,Qatar,0.0286,0.1046,0.2702,0.5967,B,0.3028,0.3028,0.0369,0.0029,0.0002,0.0,0.0,0.0
2026-06-16T16:12Z,16,0,Brazil,0.4383,0.3469,0.1808,0.034,C,0.9356,0.9356,0.5798,0.3672,0.2066,0.0964,0.0434,0.0173
2026-06-16T16:12Z,16,0,Morocco,0.3482,0.3771,0.2253,0.0494,C,0.9116,0.9116,0.508,0.2959,0.1506,0.0622,0.0236,0.0106
2026-06-16T16:12Z,16,0,Scotland,0.207,0.2605,0.5006,0.0319,C,0.8118,0.8118,0.3082,0.1241,0.0448,0.0106,0.0029,0.0004
2026-06-16T16:12Z,16,0,Haiti,0.0066,0.0155,0.0932,0.8847,C,0.074,0.074,0.0115,0.0022,0.0001,0.0,0.0,0.0
2026-06-16T16:12Z,16,0,United States,0.5075,0.293,0.1804,0.019,D,0.9632,0.9632,0.533,0.2322,0.073,0.0262,0.0069,0.0177
2026-06-16T16:12Z,16,0,Australia,0.4001,0.379,0.1862,0.0348,D,0.9374,0.9374,0.4842,0.18,0.0535,0.0167,0.0043,0.002
2026-06-16T16:12Z,16,0,Turkey,0.0674,0.2182,0.402,0.3123,D,0.5586,0.5586,0.3067,0.1406,0.0652,0.0272,0.01,0.0005
2026-06-16T16:12Z,16,0,Paraguay,0.025,0.1098,0.2314,0.6338,D,0.2935,0.2935,0.126,0.0409,0.0136,0.0039,0.0012,0.0004
2026-06-16T16:12Z,16,0,Germany,0.6507,0.1983,0.1498,0.0012,E,0.9959,0.9959,0.6425,0.3098,0.158,0.0654,0.027,0.4434
2026-06-16T16:12Z,16,0,Ivory Coast,0.2851,0.4378,0.27,0.0072,E,0.9542,0.9542,0.355,0.1022,0.0264,0.0058,0.0012,0.0016
2026-06-16T16:12Z,16,0,Ecuador,0.0634,0.3528,0.534,0.0497,E,0.8507,0.8507,0.4914,0.2696,0.1409,0.0651,0.0278,0.0067
2026-06-16T16:12Z,16,0,Curaçao,0.0008,0.0111,0.0462,0.9418,E,0.0357,0.0357,0.0044,0.0004,0.0,0.0,0.0,0.0
2026-06-16T16:12Z,16,0,Netherlands,0.4273,0.3704,0.1567,0.0456,F,0.9277,0.9277,0.4927,0.2978,0.1514,0.0615,0.0244,0.0351
2026-06-16T16:12Z,16,0,Japan,0.3691,0.3876,0.1838,0.0594,F,0.9084,0.9084,0.4518,0.2519,0.116,0.045,0.0166,0.0264
2026-06-16T16:12Z,16,0,Sweden,0.1913,0.2286,0.55,0.0301,F,0.9035,0.9035,0.2188,0.0619,0.0117,0.0018,0.0002,0.0148
2026-06-16T16:12Z,16,0,Tunisia,0.0123,0.0133,0.1096,0.8648,F,0.087,0.087,0.018,0.0052,0.0007,0.0001,0.0,0.0
2026-06-16T16:12Z,16,0,Belgium,0.4605,0.2679,0.176,0.0956,G,0.854,0.854,0.5137,0.2485,0.0924,0.0396,0.014,0.0044
2026-06-16T16:12Z,16,0,Iran,0.2412,0.2607,0.2835,0.2146,G,0.6492,0.6492,0.2983,0.1029,0.028,0.009,0.0024,0.0022
2026-06-16T16:12Z,16,0,Egypt,0.1824,0.2751,0.2631,0.2794,G,0.6431,0.6431,0.23,0.0582,0.0109,0.0026,0.0006,0.0008
2026-06-16T16:12Z,16,0,New Zealand,0.1159,0.1963,0.2774,0.4104,G,0.4628,0.4628,0.1388,0.0274,0.0044,0.0008,0.0002,0.0007
2026-06-16T16:12Z,16,0,Spain,0.7619,0.1796,0.0499,0.0086,H,0.9799,0.9799,0.77,0.6047,0.4912,0.3671,0.252,0.0264
2026-06-16T16:12Z,16,0,Uruguay,0.183,0.4582,0.2551,0.1037,H,0.7893,0.7893,0.312,0.1608,0.0734,0.0298,0.0094,0.0022
2026-06-16T16:12Z,16,0,Cape Verde,0.0277,0.1989,0.3246,0.4487,H,0.4134,0.4134,0.0498,0.0085,0.0009,0.0,0.0,0.0
2026-06-16T16:12Z,16,0,Saudi Arabia,0.0274,0.1632,0.3704,0.439,H,0.447,0.447,0.0738,0.0165,0.0021,0.0004,0.0,0.0001
2026-06-16T16:12Z,16,0,France,0.6108,0.256,0.1092,0.024,I,0.9547,0.9547,0.717,0.5107,0.3414,0.189,0.1036,0.0534
2026-06-16T16:12Z,16,0,Norway,0.221,0.3714,0.2998,0.1079,I,0.7962,0.7962,0.4522,0.2329,0.103,0.0398,0.0144,0.008
2026-06-16T16:12Z,16,0,Senegal,0.15,0.3064,0.3818,0.1618,I,0.7022,0.7022,0.3579,0.1626,0.0611,0.0196,0.0058,0.0041
2026-06-16T16:12Z,16,0,Iraq,0.0181,0.0662,0.2094,0.7064,I,0.1812,0.1812,0.0458,0.0099,0.0018,0.0005,0.0,0.0001
2026-06-16T16:12Z,16,0,Argentina,0.795,0.1517,0.0432,0.01,J,0.9834,0.9834,0.7372,0.601,0.4579,0.3257,0.2055,0.1324
2026-06-16T16:12Z,16,0,Austria,0.097,0.374,0.3392,0.1898,J,0.6604,0.6604,0.2206,0.0951,0.0328,0.0106,0.0028,0.0024
2026-06-16T16:12Z,16,0,Algeria,0.0898,0.3534,0.352,0.2049,J,0.6388,0.6388,0.204,0.0854,0.0306,0.01,0.0031,0.0024
2026-06-16T16:12Z,16,0,Jordan,0.0182,0.121,0.2656,0.5953,J,0.2492,0.2492,0.0469,0.0124,0.0022,0.0006,0.0,0.0002
2026-06-16T16:12Z,16,0,Portugal,0.4426,0.3428,0.153,0.0615,K,0.9003,0.9003,0.5645,0.3014,0.1498,0.0793,0.0354,0.0227
2026-06-16T16:12Z,16,0,Colombia,0.4297,0.346,0.1583,0.066,K,0.8924,0.8924,0.5538,0.2908,0.147,0.0768,0.0346,0.0222
2026-06-16T16:12Z,16,0,Uzbekistan,0.0716,0.172,0.3623,0.394,K,0.4466,0.4466,0.1373,0.034,0.0088,0.0022,0.0008,0.0006
2026-06-16T16:12Z,16,0,DR Congo,0.056,0.1392,0.3263,0.4784,K,0.3689,0.3689,0.102,0.0222,0.0054,0.0016,0.0002,0.0006
2026-06-16T16:12Z,16,0,England,0.6246,0.2699,0.0899,0.0156,L,0.9694,0.9694,0.6748,0.388,0.2436,0.134,0.0688,0.0781
2026-06-16T16:12Z,16,0,Croatia,0.2706,0.4223,0.2452,0.062,L,0.8664,0.8664,0.4429,0.1716,0.0786,0.0312,0.0113,0.016
2026-06-16T16:12Z,16,0,Panama,0.0955,0.2553,0.4647,0.1845,L,0.6335,0.6335,0.2172,0.0632,0.0183,0.0053,0.0011,0.0028
2026-06-16T16:12Z,16,0,Ghana,0.0094,0.0525,0.2002,0.7378,L,0.1448,0.1448,0.0184,0.0019,0.0002,0.0,0.0,0.0
